Workbook

Sheet With class weights
C1: d101_PTB_Gold_Run1 | F1: d102_PTB_Auto_Run1 | I1: d103_PTB_Gold_Run2 | L1: d104_PTB_Auto_Run2 | O1: d105_UD1_Gold_Run2 | R1: d106_UD1_Auto_Run2
C2: train | D2: dev | E2: test | F2: train | G2: dev | H2: test | I2: train | J2: dev | K2: test | L2: train | M2: dev | N2: test | O2: train | P2: dev | Q2: test | R2: train | S2: dev | T2: test
A3: Accuracy | B3: PitlerNenkova_Conn | C3: 0.84574187 | D3: 0.82732191 | E3: 0.84170013 | F3: 0.84574187 | G3: 0.82732191 | H3: 0.84170013 | I3: 0.84574187 | J3: 0.82732191 | K3: 0.84170013 | L3: 0.84574187 | M3: 0.82732191 | N3: 0.84170013 | O3: 0.84574187 | P3: 0.82732191 | Q3: 0.84170013 | R3: 0.84574187 | S3: 0.82732191 | T3: 0.84170013
B4: PitlerNenkova_Syn | C4: 0.94142022 | D4: 0.93462579 | E4: 0.9354083 | F4: 0.91462247 | G4: 0.90667268 | H4: 0.90361446 | L4: =(L3-I3)/I3 -> 0 | M4: =(M3-J3)/J3 -> 0 | N4: =(N3-K3)/K3 -> 0 | O4: =(R3-I3)/I3 -> 0 | P4: =(S3-J3)/J3 -> 0 | Q4: =(T3-K3)/K3 -> 0 | R4: =(R3-O3)/O3 -> 0 | S4: =(S3-P3)/P3 -> 0 | T4: =(T3-Q3)/Q3 -> 0
B5: Li_etal16 | C5: 0.9789879 | D5: 0.91208296 | E5: 0.92670683 | F5: 0.97844061 | G5: 0.91343553 | H5: 0.92570281 | I5: 0.97865562 | J5: 0.91118124 | K5: 0.92369478 | L5: 0.97842106 | M5: 0.91298467 | N5: 0.92536814 | O5: 0.98123571 | P5: 0.93778179 | Q5: 0.94042838 | R5: 0.98037568 | S5: 0.93146979 | T5: 0.93808568
B6: PitlerNenkova_Conn, PitlerNenkova_Syn | C6: 0.95367565 | D6: 0.94048693 | E6: 0.95180723 | F6: 0.93715916 | G6: 0.92019838 | H6: 0.9270415 | L6: =(L5-I5)/I5 -> -0.00023966926 | M6: =(M5-J5)/J5 -> 0.0019792182 | N6: =(N5-K5)/K5 -> 0.0018115942 | O6: =(R5-I5)/I5 -> 0.0017575745 | P6: =(S5-J5)/J5 -> 0.022266205 | Q6: =(T5-K5)/K5 -> 0.01557971 | R6: =(R5-O5)/O5 -> -0.00087647656 | S6: =(S5-P5)/P5 -> -0.0067307692 | T6: =(T5-Q5)/Q5 -> -0.0024911032
B7: PitlerNenkova_Conn, PitlerNenkova_Syn, PitlerNenkova_ConnSyn | C7: 0.95332382 | D7: 0.94048693 | E7: 0.95147256 | F7: 0.93715916 | G7: 0.92019838 | H7: 0.9270415
B8: PitlerNenkova_Conn, PitlerNenkova_Syn, PitlerNenkova_ConnSyn, PitlerNenkova_SynSyn | C8: 0.95342155 | D8: 0.94003607 | E8: 0.95180723 | F8: 0.93715916 | G8: 0.92019838 | H8: 0.9270415 | J8: PTB to UD | K8: P&N | L8: =(O3-I3)/I3 -> 0 | M8: =(P3-J3)/J3 -> 0 | N8: =(Q3-K3)/K3 -> 0 | P8: PTB to UD | Q8: P&N | R8: =(R3-L3)/L3 -> 0 | S8: =(S3-M3)/M3 -> 0 | T8: =(T3-N3)/N3 -> 0
B9: Lin_etal | C9: 0.99194699 | D9: 0.96798918 | E9: 0.97188755 | F9: 0.9855945 | G9: 0.96122633 | H9: 0.96586345 | K9: Li_etal16 | L9: =(O5-I5)/I5 -> 0.0026363618 | M9: =(P5-J5)/J5 -> 0.029193469 | N9: =(Q5-K5)/K5 -> 0.018115942 | Q9: Li_etal16 | R9: =(R5-L5)/L5 -> 0.0019977226 | S9: =(S5-M5)/M5 -> 0.020246914 | T9: =(T5-N5)/N5 -> 0.013743219
C11: d101_PTB_Gold_Run1 | F11: d102_PTB_Auto_Run1 | I11: d103_PTB_Gold_Run2 | L11: d104_PTB_Auto_Run2 | O11: d105_UD1_Gold_Run2 | R11: d106_UD1_Auto_Run2
C12: train | D12: dev | E12: test | F12: train | G12: dev | H12: test | I12: train | J12: dev | K12: test | L12: train | M12: dev | N12: test | O12: train | P12: dev | Q12: test | R12: train | S12: dev | T12: test
A13: F1 Macro | B13: PitlerNenkova_Conn | C13: 0.78683219 | D13: 0.76606333 | E13: 0.78902762 | F13: 0.78683219 | G13: 0.76606333 | H13: 0.78902762 | I13: 0.78683219 | J13: 0.76606333 | K13: 0.78902762 | L13: 0.78683219 | M13: 0.76606333 | N13: 0.78902762 | O13: 0.78683219 | P13: 0.76606333 | Q13: 0.78902762 | R13: 0.78683219 | S13: 0.76606333 | T13: 0.78902762
B14: PitlerNenkova_Syn | C14: 0.92774998 | D14: 0.92170602 | E14: 0.92276343 | F14: 0.89716988 | G14: 0.89151812 | H14: 0.88792402 | L14: =(L13-I13)/I13 -> 0 | M14: =(M13-J13)/J13 -> 0 | N14: =(N13-K13)/K13 -> 0 | O14: =(R13-I13)/I13 -> 0 | P14: =(S13-J13)/J13 -> 0 | Q14: =(T13-K13)/K13 -> 0 | R14: =(R13-O13)/O13 -> 0 | S14: =(S13-P13)/P13 -> 0 | T14: =(T13-Q13)/Q13 -> 0
B15: Li_etal16 | C15: 0.974031 | D15: 0.8901546 | E15: 0.91076309 | F15: 0.97334222 | G15: 0.89200736 | H15: 0.90957181 | I15: 0.97361532 | J15: 0.88880364 | K15: 0.90719162 | L15: 0.97331974 | M15: 0.8916076 | N15: 0.90894455 | O15: 0.97687575 | P15: 0.92444049 | Q15: 0.9293769 | R15: 0.97580475 | S15: 0.91662124 | T15: 0.92634407
B16: PitlerNenkova_Conn, PitlerNenkova_Syn | C16: 0.94208304 | D16: 0.92779207 | E16: 0.94178074 | F16: 0.92054268 | G16: 0.90184965 | H16: 0.91064378 | L16: =(L15-I15)/I15 -> -0.00030358799 | M16: =(M15-J15)/J15 -> 0.0031547609 | N16: =(N15-K15)/K15 -> 0.001932264 | O16: =(R15-I15)/I15 -> 0.0022487623 | P16: =(S15-J15)/J15 -> 0.031297809 | Q16: =(T15-K15)/K15 -> 0.021111806 | R16: =(R15-O15)/O15 -> -0.0010963543 | S16: =(S15-P15)/P15 -> -0.0084583611 | T16: =(T15-Q15)/Q15 -> -0.0032632879
B17: PitlerNenkova_Conn, PitlerNenkova_Syn, PitlerNenkova_ConnSyn | C17: 0.94165082 | D17: 0.92772569 | E17: 0.9413961 | F17: 0.92054268 | G17: 0.90184965 | H17: 0.91064378
B18: PitlerNenkova_Conn, PitlerNenkova_Syn, PitlerNenkova_ConnSyn, PitlerNenkova_SynSyn | C18: 0.94176153 | D18: 0.92721163 | E18: 0.94178074 | F18: 0.92054268 | G18: 0.90184965 | H18: 0.91064378 | J18: PTB to UD | K18: P&N | L18: =(O13-I13)/I13 -> 0 | M18: =(P13-J13)/J13 -> 0 | N18: =(Q13-K13)/K13 -> 0 | P18: PTB to UD | Q18: P&N | R18: =(R13-L13)/L13 -> 0 | S18: =(S13-M13)/M13 -> 0 | T18: =(T13-N13)/N13 -> 0
B19: Lin_etal | C19: 0.99014983 | D19: 0.96202497 | E19: 0.96671397 | F19: 0.98231986 | G19: 0.95386462 | H19: 0.95953058 | K19: Li_etal16 | L19: =(O15-I15)/I15 -> 0.003348788 | M19: =(P15-J15)/J15 -> 0.040095311 | N19: =(Q15-K15)/K15 -> 0.024454897 | Q19: Li_etal16 | R19: =(R15-L15)/L15 -> 0.0025531254 | S19: =(S15-M15)/M15 -> 0.028054543 | T19: =(T15-N15)/N15 -> 0.019142553
C21: d101_PTB_Gold_Run1 | F21: d102_PTB_Auto_Run1 | I21: d103_PTB_Gold_Run2 | L21: d104_PTB_Auto_Run2 | O21: d105_UD1_Gold_Run2 | R21: d106_UD1_Auto_Run2
C22: train | D22: dev | E22: test | F22: train | G22: dev | H22: test | I22: train | J22: dev | K22: test | L22: train | M22: dev | N22: test | O22: train | P22: dev | Q22: test | R22: train | S22: dev | T22: test
A23: F1 Micro | B23: PitlerNenkova_Conn | C23: 0.84574187 | D23: 0.82732191 | E23: 0.84170013 | F23: 0.84574187 | G23: 0.82732191 | H23: 0.84170013 | I23: 0.84574187 | J23: 0.82732191 | K23: 0.84170013 | L23: 0.84574187 | M23: 0.82732191 | N23: 0.84170013 | O23: 0.84574187 | P23: 0.82732191 | Q23: 0.84170013 | R23: 0.84574187 | S23: 0.82732191 | T23: 0.84170013
B24: PitlerNenkova_Syn | C24: 0.94142022 | D24: 0.93462579 | E24: 0.9354083 | F24: 0.91462247 | G24: 0.90667268 | H24: 0.90361446 | L24: =(L23-I23)/I23 -> 0 | M24: =(M23-J23)/J23 -> 0 | N24: =(N23-K23)/K23 -> 0 | O24: =(R23-I23)/I23 -> 0 | P24: =(S23-J23)/J23 -> 0 | Q24: =(T23-K23)/K23 -> 0 | R24: =(R23-O23)/O23 -> 0 | S24: =(S23-P23)/P23 -> 0 | T24: =(T23-Q23)/Q23 -> 0
B25: Li_etal16 | C25: 0.9789879 | D25: 0.91208296 | E25: 0.92670683 | F25: 0.97844061 | G25: 0.91343553 | H25: 0.92570281 | I25: 0.97865562 | J25: 0.91118124 | K25: 0.92369478 | L25: 0.97842106 | M25: 0.91298467 | N25: 0.92536814 | O25: 0.98123571 | P25: 0.93778179 | Q25: 0.94042838 | R25: 0.98037568 | S25: 0.93146979 | T25: 0.93808568
B26: PitlerNenkova_Conn, PitlerNenkova_Syn | C26: 0.95367565 | D26: 0.94048693 | E26: 0.95180723 | F26: 0.93715916 | G26: 0.92019838 | H26: 0.9270415 | L26: =(L25-I25)/I25 -> -0.00023966926 | M26: =(M25-J25)/J25 -> 0.0019792182 | N26: =(N25-K25)/K25 -> 0.0018115942 | O26: =(R25-I25)/I25 -> 0.0017575745 | P26: =(S25-J25)/J25 -> 0.022266205 | Q26: =(T25-K25)/K25 -> 0.01557971 | R26: =(R25-O25)/O25 -> -0.00087647656 | S26: =(S25-P25)/P25 -> -0.0067307692 | T26: =(T25-Q25)/Q25 -> -0.0024911032
B27: PitlerNenkova_Conn, PitlerNenkova_Syn, PitlerNenkova_ConnSyn | C27: 0.95332382 | D27: 0.94048693 | E27: 0.95147256 | F27: 0.93715916 | G27: 0.92019838 | H27: 0.9270415
B28: PitlerNenkova_Conn, PitlerNenkova_Syn, PitlerNenkova_ConnSyn, PitlerNenkova_SynSyn | C28: 0.95342155 | D28: 0.94003607 | E28: 0.95180723 | F28: 0.93715916 | G28: 0.92019838 | H28: 0.9270415 | J28: PTB to UD | K28: P&N | L28: =(O23-I23)/I23 -> 0 | M28: =(P23-J23)/J23 -> 0 | N28: =(Q23-K23)/K23 -> 0 | P28: PTB to UD | Q28: P&N | R28: =(R23-L23)/L23 -> 0 | S28: =(S23-M23)/M23 -> 0 | T28: =(T23-N23)/N23 -> 0
B29: Lin_etal | C29: 0.99194699 | D29: 0.96798918 | E29: 0.97188755 | F29: 0.9855945 | G29: 0.96122633 | H29: 0.96586345 | K29: Li_etal16 | L29: =(O25-I25)/I25 -> 0.0026363618 | M29: =(P25-J25)/J25 -> 0.029193469 | N29: =(Q25-K25)/K25 -> 0.018115942 | Q29: Li_etal16 | R29: =(R25-L25)/L25 -> 0.0019977226 | S29: =(S25-M25)/M25 -> 0.020246914 | T29: =(T25-N25)/N25 -> 0.013743219
C31: d101_PTB_Gold_Run1 | F31: d102_PTB_Auto_Run1 | I31: d103_PTB_Gold_Run2 | L31: d104_PTB_Auto_Run2 | O31: d105_UD1_Gold_Run2 | R31: d106_UD1_Auto_Run2
C32: train | D32: dev | E32: test | F32: train | G32: dev | H32: test | I32: train | J32: dev | K32: test | L32: train | M32: dev | N32: test | O32: train | P32: dev | Q32: test | R32: train | S32: dev | T32: test
A33: F1 Weighted | B33: PitlerNenkova_Conn | C33: 0.8344002 | D33: 0.81237158 | E33: 0.82931698 | F33: 0.8344002 | G33: 0.81237158 | H33: 0.82931698 | I33: 0.8344002 | J33: 0.81237158 | K33: 0.82931698 | L33: 0.8344002 | M33: 0.81237158 | N33: 0.82931698 | O33: 0.8344002 | P33: 0.81237158 | Q33: 0.82931698 | R33: 0.8344002 | S33: 0.81237158 | T33: 0.82931698
B34: PitlerNenkova_Syn | C34: 0.94109035 | D34: 0.9340092 | E34: 0.93470755 | F34: 0.91515241 | G34: 0.90720281 | H34: 0.90395128 | L34: =(L33-I33)/I33 -> 0 | M34: =(M33-J33)/J33 -> 0 | N34: =(N33-K33)/K33 -> 0 | O34: =(R33-I33)/I33 -> 0 | P34: =(S33-J33)/J33 -> 0 | Q34: =(T33-K33)/K33 -> 0 | R34: =(R33-O33)/O33 -> 0 | S34: =(S33-P33)/P33 -> 0 | T34: =(T33-Q33)/Q33 -> 0
B35: Li_etal16 | C35: 0.97884708 | D35: 0.90914 | E35: 0.92517936 | F35: 0.9782909 | G35: 0.91061603 | H35: 0.92416896 | I35: 0.97851046 | J35: 0.90810011 | K35: 0.92214925 | L35: 0.97827193 | M35: 0.91022844 | N35: 0.92372449 | O35: 0.98113797 | P35: 0.9367225 | Q35: 0.94005439 | R35: 0.98026879 | S35: 0.93023241 | T35: 0.93758373
B36: PitlerNenkova_Conn, PitlerNenkova_Syn | C36: 0.95308207 | D36: 0.9395041 | E36: 0.95101481 | F36: 0.93596669 | G36: 0.91826592 | H36: 0.92527362 | L36: =(L35-I35)/I35 -> -0.00024376421 | M36: =(M35-J35)/J35 -> 0.0023437206 | N36: =(N35-K35)/K35 -> 0.0017082281 | O36: =(R35-I35)/I35 -> 0.0017969485 | P36: =(S35-J35)/J35 -> 0.024372101 | Q36: =(T35-K35)/K35 -> 0.016737513 | R36: =(R35-O35)/O35 -> -0.00088589004 | S36: =(S35-P35)/P35 -> -0.0069285033 | T36: =(T35-Q35)/Q35 -> -0.0026282071
B37: PitlerNenkova_Conn, PitlerNenkova_Syn, PitlerNenkova_ConnSyn | C37: 0.95272902 | D37: 0.93947369 | E37: 0.95068368 | F37: 0.93596669 | G37: 0.91826592 | H37: 0.92527362
B38: PitlerNenkova_Conn, PitlerNenkova_Syn, PitlerNenkova_ConnSyn, PitlerNenkova_SynSyn | C38: 0.95282307 | D38: 0.9390305 | E38: 0.95101481 | F38: 0.93596669 | G38: 0.91826592 | H38: 0.92527362 | J38: PTB to UD | K38: P&N | L38: =(O33-I33)/I33 -> 0 | M38: =(P33-J33)/J33 -> 0 | N38: =(Q33-K33)/K33 -> 0 | P38: PTB to UD | Q38: P&N | R38: =(R33-L33)/L33 -> 0 | S38: =(S33-M33)/M33 -> 0 | T38: =(T33-N33)/N33 -> 0
B39: Lin_etal | C39: 0.99193581 | D39: 0.96784669 | E39: 0.97172944 | F39: 0.98554973 | G39: 0.96099368 | H39: 0.96564914 | K39: Li_etal16 | L39: =(O35-I35)/I35 -> 0.0026852173 | M39: =(P35-J35)/J35 -> 0.031518983 | N39: =(Q35-K35)/K35 -> 0.019416751 | Q39: Li_etal16 | R39: =(R35-L35)/L35 -> 0.0020412102 | S39: =(S35-M35)/M35 -> 0.021976872 | T39: =(T35-N35)/N35 -> 0.015003655

Sheet Without class weights
C1: d101_PTB_Gold_Run1 | F1: d102_PTB_Auto_Run1 | I1: d103_PTB_Gold_Run2 | L1: d104_PTB_Auto_Run2 | O1: d105_UD1_Gold_Run2 | R1: d106_UD1_Auto_Run2
C2: train | D2: dev | E2: test | F2: train | G2: dev | H2: test | I2: train | J2: dev | K2: test | L2: train | M2: dev | N2: test | O2: train | P2: dev | Q2: test | R2: train | S2: dev | T2: test
A3: Accuracy | B3: PitlerNenkova_Conn | C3: 0.85879869 | D3: 0.83453562 | E3: 0.85776439 | F3: 0.85879869 | G3: 0.83453562 | H3: 0.85776439 | I3: 0.85879869 | J3: 0.83453562 | K3: 0.85776439 | L3: 0.85879869 | M3: 0.83453562 | N3: 0.85776439 | O3: 0.85879869 | P3: 0.83453562 | Q3: 0.85776439 | R3: 0.85879869 | S3: 0.83453562 | T3: 0.85776439
B4: PitlerNenkova_Syn | C4: 0.94898458 | D4: 0.94319206 | E4: 0.94042838 | F4: 0.92693653 | G4: 0.91974752 | H4: 0.91733601 | L4: =(L3-I3)/I3 -> 0 | M4: =(M3-J3)/J3 -> 0 | N4: =(N3-K3)/K3 -> 0 | O4: =(R3-I3)/I3 -> 0 | P4: =(S3-J3)/J3 -> 0 | Q4: =(T3-K3)/K3 -> 0 | R4: =(R3-O3)/O3 -> 0 | S4: =(S3-P3)/P3 -> 0 | T4: =(T3-Q3)/Q3 -> 0
B5: Li_etal16 | C5: 0.97756103 | D5: 0.92064923 | E5: 0.93072289 | F5: 0.97740466 | G5: 0.9220018 | H5: 0.9270415 | I5: 0.97760013 | J5: 0.91929666 | K5: 0.9270415 | L5: 0.97744376 | M5: 0.9220018 | N5: 0.9270415 | O5: 0.97906609 | P5: 0.94409378 | Q5: 0.94076305 | R5: 0.97838197 | S5: 0.93733093 | T5: 0.93741633
B6: PitlerNenkova_Conn, PitlerNenkova_Syn | C6: 0.96114228 | D6: 0.94995491 | E6: 0.95716198 | F6: 0.95072418 | G6: 0.94860234 | H6: 0.94109772 | L6: =(L5-I5)/I5 -> -0.00015995201 | M6: =(M5-J5)/J5 -> 0.0029426189 | N6: =(N5-K5)/K5 -> 0 | O6: =(R5-I5)/I5 -> 0.00079976007 | P6: =(S5-J5)/J5 -> 0.01961746 | Q6: =(T5-K5)/K5 -> 0.011191336 | R6: =(R5-O5)/O5 -> -0.00069874226 | S6: =(S5-P5)/P5 -> -0.0071633238 | T6: =(T5-Q5)/Q5 -> -0.0035574529
B7: PitlerNenkova_Conn, PitlerNenkova_Syn, PitlerNenkova_ConnSyn | C7: 0.96149411 | D7: 0.95085663 | E7: 0.95615797 | F7: 0.95080237 | G7: 0.94860234 | H7: 0.94109772
B8: PitlerNenkova_Conn, PitlerNenkova_Syn, PitlerNenkova_ConnSyn, PitlerNenkova_SynSyn | C8: 0.96131819 | D8: 0.94995491 | E8: 0.95649264 | F8: 0.95045054 | G8: 0.94995491 | H8: 0.9414324 | J8: PTB to UD | K8: P&N | L8: =(O3-I3)/I3 -> 0 | M8: =(P3-J3)/J3 -> 0 | N8: =(Q3-K3)/K3 -> 0 | P8: PTB to UD | Q8: P&N | R8: =(R3-L3)/L3 -> 0 | S8: =(S3-M3)/M3 -> 0 | T8: =(T3-N3)/N3 -> 0
B9: Lin_etal | C9: 0.9866109 | D9: 0.97024346 | E9: 0.9748996 | F9: 0.99126288 | G9: 0.96528404 | H9: 0.9665328 | K9: Li_etal16 | L9: =(O5-I5)/I5 -> 0.0014995501 | M9: =(P5-J5)/J5 -> 0.026974007 | N9: =(Q5-K5)/K5 -> 0.014801444 | Q9: Li_etal16 | R9: =(R5-L5)/L5 -> 0.00095986562 | S9: =(S5-M5)/M5 -> 0.016625917 | T9: =(T5-N5)/N5 -> 0.011191336
C11: d101_PTB_Gold_Run1 | F11: d102_PTB_Auto_Run1 | I11: d103_PTB_Gold_Run2 | L11: d104_PTB_Auto_Run2 | O11: d105_UD1_Gold_Run2 | R11: d106_UD1_Auto_Run2
C12: train | D12: dev | E12: test | F12: train | G12: dev | H12: test | I12: train | J12: dev | K12: test | L12: train | M12: dev | N12: test | O12: train | P12: dev | Q12: test | R12: train | S12: dev | T12: test
A13: F1 Macro | B13: PitlerNenkova_Conn | C13: 0.81806907 | D13: 0.79707253 | E13: 0.82359852 | F13: 0.81806907 | G13: 0.79707253 | H13: 0.82359852 | I13: 0.81806907 | J13: 0.79707253 | K13: 0.82359852 | L13: 0.81806907 | M13: 0.79707253 | N13: 0.82359852 | O13: 0.81806907 | P13: 0.79707253 | Q13: 0.82359852 | R13: 0.81806907 | S13: 0.79707253 | T13: 0.82359852
B14: PitlerNenkova_Syn | C14: 0.93871025 | D14: 0.93357368 | E14: 0.93060925 | F14: 0.91459991 | G14: 0.9089438 | H14: 0.90664889 | L14: =(L13-I13)/I13 -> 0 | M14: =(M13-J13)/J13 -> 0 | N14: =(N13-K13)/K13 -> 0 | O14: =(R13-I13)/I13 -> 0 | P14: =(S13-J13)/J13 -> 0 | Q14: =(T13-K13)/K13 -> 0 | R14: =(R13-O13)/O13 -> 0 | S14: =(S13-P13)/P13 -> 0 | T14: =(T13-Q13)/Q13 -> 0
B15: Li_etal16 | C15: 0.9725646 | D15: 0.90254415 | E15: 0.91667142 | F15: 0.97239254 | G15: 0.9047921 | H15: 0.91233017 | I15: 0.97261575 | J15: 0.9007406 | K15: 0.91244537 | L15: 0.97244255 | M15: 0.9047921 | N15: 0.91238786 | O15: 0.97441782 | P15: 0.93295676 | Q15: 0.93048371 | R15: 0.97359953 | S15: 0.92501149 | T15: 0.92628766
B16: PitlerNenkova_Conn, PitlerNenkova_Syn | C16: 0.95295484 | D16: 0.94092904 | E16: 0.94989401 | F16: 0.94102705 | G16: 0.94051101 | H16: 0.93182451 | L16: =(L15-I15)/I15 -> -0.00017807363 | M16: =(M15-J15)/J15 -> 0.0044979661 | N16: =(N15-K15)/K15 -> -6.3034031e-05 | O16: =(R15-I15)/I15 -> 0.0010114764 | P16: =(S15-J15)/J15 -> 0.026945474 | Q16: =(T15-K15)/K15 -> 0.015170533 | R16: =(R15-O15)/O15 -> -0.00083977465 | S16: =(S15-P15)/P15 -> -0.0085162341 | T16: =(T15-Q15)/Q15 -> -0.0045095358
B17: PitlerNenkova_Conn, PitlerNenkova_Syn, PitlerNenkova_ConnSyn | C17: 0.95344321 | D17: 0.94199339 | E17: 0.94876543 | F17: 0.94112285 | G17: 0.94051101 | H17: 0.93182451
B18: PitlerNenkova_Conn, PitlerNenkova_Syn, PitlerNenkova_ConnSyn, PitlerNenkova_SynSyn | C18: 0.95325531 | D18: 0.94102696 | E18: 0.94917162 | F18: 0.94065673 | G18: 0.94200943 | H18: 0.93223123 | J18: PTB to UD | K18: P&N | L18: =(O13-I13)/I13 -> 0 | M18: =(P13-J13)/J13 -> 0 | N18: =(Q13-K13)/K13 -> 0 | P18: PTB to UD | Q18: P&N | R18: =(R13-L13)/L13 -> 0 | S18: =(S13-M13)/M13 -> 0 | T18: =(T13-N13)/N13 -> 0
B19: Lin_etal | C19: 0.98372423 | D19: 0.96500708 | E19: 0.97050825 | F19: 0.98936467 | G19: 0.95905688 | H19: 0.96073711 | K19: Li_etal16 | L19: =(O15-I15)/I15 -> 0.001852807 | M19: =(P15-J15)/J15 -> 0.035766302 | N19: =(Q15-K15)/K15 -> 0.019769218 | Q19: Li_etal16 | R19: =(R15-L15)/L15 -> 0.0011897619 | S19: =(S15-M15)/M15 -> 0.022346992 | T19: =(T15-N15)/N15 -> 0.015234527
C21: d101_PTB_Gold_Run1 | F21: d102_PTB_Auto_Run1 | I21: d103_PTB_Gold_Run2 | L21: d104_PTB_Auto_Run2 | O21: d105_UD1_Gold_Run2 | R21: d106_UD1_Auto_Run2
C22: train | D22: dev | E22: test | F22: train | G22: dev | H22: test | I22: train | J22: dev | K22: test | L22: train | M22: dev | N22: test | O22: train | P22: dev | Q22: test | R22: train | S22: dev | T22: test
A23: F1 Micro | B23: PitlerNenkova_Conn | C23: 0.85879869 | D23: 0.83453562 | E23: 0.85776439 | F23: 0.85879869 | G23: 0.83453562 | H23: 0.85776439 | I23: 0.85879869 | J23: 0.83453562 | K23: 0.85776439 | L23: 0.85879869 | M23: 0.83453562 | N23: 0.85776439 | O23: 0.85879869 | P23: 0.83453562 | Q23: 0.85776439 | R23: 0.85879869 | S23: 0.83453562 | T23: 0.85776439
B24: PitlerNenkova_Syn | C24: 0.94898458 | D24: 0.94319206 | E24: 0.94042838 | F24: 0.92693653 | G24: 0.91974752 | H24: 0.91733601 | L24: =(L23-I23)/I23 -> 0 | M24: =(M23-J23)/J23 -> 0 | N24: =(N23-K23)/K23 -> 0 | O24: =(R23-I23)/I23 -> 0 | P24: =(S23-J23)/J23 -> 0 | Q24: =(T23-K23)/K23 -> 0 | R24: =(R23-O23)/O23 -> 0 | S24: =(S23-P23)/P23 -> 0 | T24: =(T23-Q23)/Q23 -> 0
B25: Li_etal16 | C25: 0.97756103 | D25: 0.92064923 | E25: 0.93072289 | F25: 0.97740466 | G25: 0.9220018 | H25: 0.9270415 | I25: 0.97760013 | J25: 0.91929666 | K25: 0.9270415 | L25: 0.97744376 | M25: 0.9220018 | N25: 0.9270415 | O25: 0.97906609 | P25: 0.94409378 | Q25: 0.94076305 | R25: 0.97838197 | S25: 0.93733093 | T25: 0.93741633
B26: PitlerNenkova_Conn, PitlerNenkova_Syn | C26: 0.96114228 | D26: 0.94995491 | E26: 0.95716198 | F26: 0.95072418 | G26: 0.94860234 | H26: 0.94109772 | L26: =(L25-I25)/I25 -> -0.00015995201 | M26: =(M25-J25)/J25 -> 0.0029426189 | N26: =(N25-K25)/K25 -> 0 | O26: =(R25-I25)/I25 -> 0.00079976007 | P26: =(S25-J25)/J25 -> 0.01961746 | Q26: =(T25-K25)/K25 -> 0.011191336 | R26: =(R25-O25)/O25 -> -0.00069874226 | S26: =(S25-P25)/P25 -> -0.0071633238 | T26: =(T25-Q25)/Q25 -> -0.0035574529
B27: PitlerNenkova_Conn, PitlerNenkova_Syn, PitlerNenkova_ConnSyn | C27: 0.96149411 | D27: 0.95085663 | E27: 0.95615797 | F27: 0.95080237 | G27: 0.94860234 | H27: 0.94109772
B28: PitlerNenkova_Conn, PitlerNenkova_Syn, PitlerNenkova_ConnSyn, PitlerNenkova_SynSyn | C28: 0.96131819 | D28: 0.94995491 | E28: 0.95649264 | F28: 0.95045054 | G28: 0.94995491 | H28: 0.9414324 | J28: PTB to UD | K28: P&N | L28: =(O23-I23)/I23 -> 0 | M28: =(P23-J23)/J23 -> 0 | N28: =(Q23-K23)/K23 -> 0 | P28: PTB to UD | Q28: P&N | R28: =(R23-L23)/L23 -> 0 | S28: =(S23-M23)/M23 -> 0 | T28: =(T23-N23)/N23 -> 0
B29: Lin_etal | C29: 0.9866109 | D29: 0.97024346 | E29: 0.9748996 | F29: 0.99126288 | G29: 0.96528404 | H29: 0.9665328 | K29: Li_etal16 | L29: =(O25-I25)/I25 -> 0.0014995501 | M29: =(P25-J25)/J25 -> 0.026974007 | N29: =(Q25-K25)/K25 -> 0.014801444 | Q29: Li_etal16 | R29: =(R25-L25)/L25 -> 0.00095986562 | S29: =(S25-M25)/M25 -> 0.016625917 | T29: =(T25-N25)/N25 -> 0.011191336
C31: d101_PTB_Gold_Run1 | F31: d102_PTB_Auto_Run1 | I31: d103_PTB_Gold_Run2 | L31: d104_PTB_Auto_Run2 | O31: d105_UD1_Gold_Run2 | R31: d106_UD1_Auto_Run2
C32: train | D32: dev | E32: test | F32: train | G32: dev | H32: test | I32: train | J32: dev | K32: test | L32: train | M32: dev | N32: test | O32: train | P32: dev | Q32: test | R32: train | S32: dev | T32: test
A33: F1 Weighted | B33: PitlerNenkova_Conn | C33: 0.85460913 | D33: 0.8308011 | E33: 0.85326956 | F33: 0.85460913 | G33: 0.8308011 | H33: 0.85326956 | I33: 0.85460913 | J33: 0.8308011 | K33: 0.85326956 | L33: 0.85460913 | M33: 0.8308011 | N33: 0.85326956 | O33: 0.85460913 | P33: 0.8308011 | Q33: 0.85326956 | R33: 0.85460913 | S33: 0.8308011 | T33: 0.85326956
B34: PitlerNenkova_Syn | C34: 0.94936226 | D34: 0.94335161 | E34: 0.94058563 | F34: 0.92837797 | G34: 0.92107677 | H34: 0.91872079 | L34: =(L33-I33)/I33 -> 0 | M34: =(M33-J33)/J33 -> 0 | N34: =(N33-K33)/K33 -> 0 | O34: =(R33-I33)/I33 -> 0 | P34: =(S33-J33)/J33 -> 0 | Q34: =(T33-K33)/K33 -> 0 | R34: =(R33-O33)/O33 -> 0 | S34: =(S33-P33)/P33 -> 0 | T34: =(T33-Q33)/Q33 -> 0
B35: Li_etal16 | C35: 0.97753449 | D35: 0.91879327 | E35: 0.92974948 | F35: 0.97738581 | G35: 0.92045056 | H35: 0.92605594 | I35: 0.97757501 | J35: 0.91734238 | K35: 0.9261083 | L35: 0.97742586 | M35: 0.92045056 | N35: 0.92608218 | O35: 0.97904669 | P35: 0.94352707 | Q35: 0.94070043 | R35: 0.97836923 | S35: 0.93676909 | T35: 0.93723421
B36: PitlerNenkova_Conn, PitlerNenkova_Syn | C36: 0.96128575 | D36: 0.94986122 | E36: 0.95718753 | F36: 0.95117805 | G36: 0.94899801 | H36: 0.94143432 | L36: =(L35-I35)/I35 -> -0.00015256939 | M36: =(M35-J35)/J35 -> 0.0033882466 | N36: =(N35-K35)/K35 -> -2.8211493e-05 | O36: =(R35-I35)/I35 -> 0.0008124455 | P36: =(S35-J35)/J35 -> 0.021177164 | Q36: =(T35-K35)/K35 -> 0.012013611 | R36: =(R35-O35)/O35 -> -0.00069195596 | S36: =(S35-P35)/P35 -> -0.0071624721 | T36: =(T35-Q35)/Q35 -> -0.0036847212
B37: PitlerNenkova_Conn, PitlerNenkova_Syn, PitlerNenkova_ConnSyn | C37: 0.96166137 | D37: 0.95076462 | E37: 0.95620356 | F37: 0.95125639 | G37: 0.94899801 | H37: 0.94143432
B38: PitlerNenkova_Conn, PitlerNenkova_Syn, PitlerNenkova_ConnSyn, PitlerNenkova_SynSyn | C38: 0.96149616 | D38: 0.94990319 | E38: 0.95654428 | F38: 0.95089019 | G38: 0.95031299 | H38: 0.94177504 | J38: PTB to UD | K38: P&N | L38: =(O33-I33)/I33 -> 0 | M38: =(P33-J33)/J33 -> 0 | N38: =(Q33-K33)/K33 -> 0 | P38: PTB to UD | Q38: P&N | R38: =(R33-L33)/L33 -> 0 | S38: =(S33-M33)/M33 -> 0 | T38: =(T33-N33)/N33 -> 0
B39: Lin_etal | C39: 0.98663381 | D39: 0.97024346 | E39: 0.9748577 | F39: 0.99127192 | G39: 0.96523365 | H39: 0.96650251 | K39: Li_etal16 | L39: =(O35-I35)/I35 -> 0.0015054432 | M39: =(P35-J35)/J35 -> 0.028544082 | N39: =(Q35-K35)/K35 -> 0.01575639 | Q39: Li_etal16 | R39: =(R35-L35)/L35 -> 0.00096516215 | S39: =(S35-M35)/M35 -> 0.017728847 | T39: =(T35-N35)/N35 -> 0.012042162

Sheet Change 
C1: d101_PTB_Gold_Run1 | F1: d102_PTB_Auto_Run1 | I1: d103_PTB_Gold_Run2 | L1: d104_PTB_Auto_Run2 | O1: d105_UD1_Gold_Run2 | R1: d106_UD1_Auto_Run2
C2: train | D2: dev | E2: test | F2: train | G2: dev | H2: test | I2: train | J2: dev | K2: test | L2: train | M2: dev | N2: test | O2: train | P2: dev | Q2: test | R2: train | S2: dev | T2: test
A3: Accuracy | B3: PitlerNenkova_Conn | C3: ='With class weights'!C3-'Without class weights'!C3 -> -0.013056821 | D3: ='With class weights'!D3-'Without class weights'!D3 -> -0.007213706 | E3: ='With class weights'!E3-'Without class weights'!E3 -> -0.016064257 | F3: ='With class weights'!F3-'Without class weights'!F3 -> -0.013056821 | G3: ='With class weights'!G3-'Without class weights'!G3 -> -0.007213706 | H3: ='With class weights'!H3-'Without class weights'!H3 -> -0.016064257 | I3: ='With class weights'!I3-'Without class weights'!I3 -> -0.013056821 | J3: ='With class weights'!J3-'Without class weights'!J3 -> -0.007213706 | ... T3: ='With class weights'!T3-'Without class weights'!T3 -> -0.016064257
B4: PitlerNenkova_Syn | C4: ='With class weights'!C4-'Without class weights'!C4 -> -0.0075643557 | D4: ='With class weights'!D4-'Without class weights'!D4 -> -0.0085662759 | E4: ='With class weights'!E4-'Without class weights'!E4 -> -0.0050200803 | F4: ='With class weights'!F4-'Without class weights'!F4 -> -0.012314067 | G4: ='With class weights'!G4-'Without class weights'!G4 -> -0.013074842 | H4: ='With class weights'!H4-'Without class weights'!H4 -> -0.013721553 | L4: =(L3-I3)/I3 -> 0 | M4: =(M3-J3)/J3 -> 0 | N4: =(N3-K3)/K3 -> 0 | O4: =(R3-I3)/I3 -> 0 | P4: =(S3-J3)/J3 -> 0 | Q4: =(T3-K3)/K3 -> 0 | R4: =(R3-O3)/O3 -> 0 | S4: =(S3-P3)/P3 -> 0 | T4: =(T3-Q3)/Q3 -> 0
B5: Li_etal16 | C5: ='With class weights'!C5-'Without class weights'!C5 -> 0.0014268681 | D5: ='With class weights'!D5-'Without class weights'!D5 -> -0.0085662759 | E5: ='With class weights'!E5-'Without class weights'!E5 -> -0.0040160643 | F5: ='With class weights'!F5-'Without class weights'!F5 -> 0.0010359453 | G5: ='With class weights'!G5-'Without class weights'!G5 -> -0.0085662759 | H5: ='With class weights'!H5-'Without class weights'!H5 -> -0.0013386881 | I5: ='With class weights'!I5-'Without class weights'!I5 -> 0.0010554915 | J5: ='With class weights'!J5-'Without class weights'!J5 -> -0.0081154193 | ... T5: ='With class weights'!T5-'Without class weights'!T5 -> 0.00066934404
B6: PitlerNenkova_Conn, PitlerNenkova_Syn | C6: ='With class weights'!C6-'Without class weights'!C6 -> -0.007466625 | D6: ='With class weights'!D6-'Without class weights'!D6 -> -0.0094679892 | E6: ='With class weights'!E6-'Without class weights'!E6 -> -0.0053547523 | F6: ='With class weights'!F6-'Without class weights'!F6 -> -0.01356502 | G6: ='With class weights'!G6-'Without class weights'!G6 -> -0.028403968 | H6: ='With class weights'!H6-'Without class weights'!H6 -> -0.014056225 | L6: =(L5-I5)/I5 -> -0.074074074 | M6: =(M5-J5)/J5 -> 0.11111111 | N6: =(N5-K5)/K5 -> -0.5 | O6: =(R5-I5)/I5 -> 0.88888889 | P6: =(S5-J5)/J5 -> -0.27777778 | Q6: =(T5-K5)/K5 -> -1.2 | R6: =(R5-O5)/O5 -> -0.081081081 | S6: =(S5-P5)/P5 -> -0.071428571 | T6: =(T5-Q5)/Q5 -> -3
B7: PitlerNenkova_Conn, PitlerNenkova_Syn, PitlerNenkova_ConnSyn | C7: ='With class weights'!C7-'Without class weights'!C7 -> -0.008170286 | D7: ='With class weights'!D7-'Without class weights'!D7 -> -0.010369702 | E7: ='With class weights'!E7-'Without class weights'!E7 -> -0.0046854083 | F7: ='With class weights'!F7-'Without class weights'!F7 -> -0.013643205 | G7: ='With class weights'!G7-'Without class weights'!G7 -> -0.028403968 | H7: ='With class weights'!H7-'Without class weights'!H7 -> -0.014056225
B8: PitlerNenkova_Conn, PitlerNenkova_Syn, PitlerNenkova_ConnSyn, PitlerNenkova_SynSyn | C8: ='With class weights'!C8-'Without class weights'!C8 -> -0.00789664 | D8: ='With class weights'!D8-'Without class weights'!D8 -> -0.0099188458 | E8: ='With class weights'!E8-'Without class weights'!E8 -> -0.0046854083 | F8: ='With class weights'!F8-'Without class weights'!F8 -> -0.013291374 | G8: ='With class weights'!G8-'Without class weights'!G8 -> -0.029756537 | H8: ='With class weights'!H8-'Without class weights'!H8 -> -0.014390897 | J8: PTB to UD | K8: P&N | L8: =(O3-I3)/I3 -> 0 | M8: =(P3-J3)/J3 -> 0 | N8: =(Q3-K3)/K3 -> 0 | P8: PTB to UD | Q8: P&N | R8: =(R3-L3)/L3 -> 0 | S8: =(S3-M3)/M3 -> 0 | T8: =(T3-N3)/N3 -> 0
B9: Lin_etal | C9: ='With class weights'!C9-'Without class weights'!C9 -> 0.0053360959 | D9: ='With class weights'!D9-'Without class weights'!D9 -> -0.0022542831 | E9: ='With class weights'!E9-'Without class weights'!E9 -> -0.0030120482 | F9: ='With class weights'!F9-'Without class weights'!F9 -> -0.0056683802 | G9: ='With class weights'!G9-'Without class weights'!G9 -> -0.0040577096 | H9: ='With class weights'!H9-'Without class weights'!H9 -> -0.00066934404 | K9: Li_etal16 | L9: =(O5-I5)/I5 -> 1.0555556 | M9: =(P5-J5)/J5 -> -0.22222222 | N9: =(Q5-K5)/K5 -> -0.9 | Q9: Li_etal16 | R9: =(R5-L5)/L5 -> 1.04 | S9: =(S5-M5)/M5 -> -0.35 | T9: =(T5-N5)/N5 -> -1.4
C11: d101_PTB_Gold_Run1 | F11: d102_PTB_Auto_Run1 | I11: d103_PTB_Gold_Run2 | L11: d104_PTB_Auto_Run2 | O11: d105_UD1_Gold_Run2 | R11: d106_UD1_Auto_Run2
C12: train | D12: dev | E12: test | F12: train | G12: dev | H12: test | I12: train | J12: dev | K12: test | L12: train | M12: dev | N12: test | O12: train | P12: dev | Q12: test | R12: train | S12: dev | T12: test
A13: F1 Macro | B13: PitlerNenkova_Conn | C13: ='With class weights'!C13-'Without class weights'!C13 -> -0.031236873 | D13: ='With class weights'!D13-'Without class weights'!D13 -> -0.031009202 | E13: ='With class weights'!E13-'Without class weights'!E13 -> -0.034570893 | F13: ='With class weights'!F13-'Without class weights'!F13 -> -0.031236873 | G13: ='With class weights'!G13-'Without class weights'!G13 -> -0.031009202 | H13: ='With class weights'!H13-'Without class weights'!H13 -> -0.034570893 | I13: ='With class weights'!I13-'Without class weights'!I13 -> -0.031236873 | J13: ='With class weights'!J13-'Without class weights'!J13 -> -0.031009202 | ... T13: ='With class weights'!T13-'Without class weights'!T13 -> -0.034570893
B14: PitlerNenkova_Syn | C14: ='With class weights'!C14-'Without class weights'!C14 -> -0.010960264 | D14: ='With class weights'!D14-'Without class weights'!D14 -> -0.011867668 | E14: ='With class weights'!E14-'Without class weights'!E14 -> -0.0078458211 | F14: ='With class weights'!F14-'Without class weights'!F14 -> -0.017430039 | G14: ='With class weights'!G14-'Without class weights'!G14 -> -0.017425681 | H14: ='With class weights'!H14-'Without class weights'!H14 -> -0.018724869 | L14: =(L13-I13)/I13 -> 0 | M14: =(M13-J13)/J13 -> 0 | N14: =(N13-K13)/K13 -> 0 | O14: =(R13-I13)/I13 -> 0 | P14: =(S13-J13)/J13 -> 0 | Q14: =(T13-K13)/K13 -> 0 | R14: =(R13-O13)/O13 -> 0 | S14: =(S13-P13)/P13 -> 0 | T14: =(T13-Q13)/Q13 -> 0
B15: Li_etal16 | C15: ='With class weights'!C15-'Without class weights'!C15 -> 0.0014664044 | D15: ='With class weights'!D15-'Without class weights'!D15 -> -0.012389545 | E15: ='With class weights'!E15-'Without class weights'!E15 -> -0.0059083216 | F15: ='With class weights'!F15-'Without class weights'!F15 -> 0.00094967341 | G15: ='With class weights'!G15-'Without class weights'!G15 -> -0.012784741 | H15: ='With class weights'!H15-'Without class weights'!H15 -> -0.0027583659 | I15: ='With class weights'!I15-'Without class weights'!I15 -> 0.00099957063 | J15: ='With class weights'!J15-'Without class weights'!J15 -> -0.011936968 | ... T15: ='With class weights'!T15-'Without class weights'!T15 -> 5.641606e-05
B16: PitlerNenkova_Conn, PitlerNenkova_Syn | C16: ='With class weights'!C16-'Without class weights'!C16 -> -0.010871805 | D16: ='With class weights'!D16-'Without class weights'!D16 -> -0.013136972 | E16: ='With class weights'!E16-'Without class weights'!E16 -> -0.0081132739 | F16: ='With class weights'!F16-'Without class weights'!F16 -> -0.020484364 | G16: ='With class weights'!G16-'Without class weights'!G16 -> -0.038661363 | H16: ='With class weights'!H16-'Without class weights'!H16 -> -0.021180735 | L16: =(L15-I15)/I15 -> -0.12243326 | M16: =(M15-J15)/J15 -> 0.10451044 | N16: =(N15-K15)/K15 -> -0.34460093 | O16: =(R15-I15)/I15 -> 1.2061695 | P16: =(S15-J15)/J15 -> -0.29712105 | Q16: =(T15-K15)/K15 -> -1.0107382 | R16: =(R15-O15)/O15 -> -0.10281426 | S16: =(S15-P15)/P15 -> -0.014798346 | T16: =(T15-Q15)/Q15 -> -1.0509718
B17: PitlerNenkova_Conn, PitlerNenkova_Syn, PitlerNenkova_ConnSyn | C17: ='With class weights'!C17-'Without class weights'!C17 -> -0.011792397 | D17: ='With class weights'!D17-'Without class weights'!D17 -> -0.014267694 | E17: ='With class weights'!E17-'Without class weights'!E17 -> -0.007369328 | F17: ='With class weights'!F17-'Without class weights'!F17 -> -0.020580169 | G17: ='With class weights'!G17-'Without class weights'!G17 -> -0.038661363 | H17: ='With class weights'!H17-'Without class weights'!H17 -> -0.021180735
B18: PitlerNenkova_Conn, PitlerNenkova_Syn, PitlerNenkova_ConnSyn, PitlerNenkova_SynSyn | C18: ='With class weights'!C18-'Without class weights'!C18 -> -0.011493779 | D18: ='With class weights'!D18-'Without class weights'!D18 -> -0.013815325 | E18: ='With class weights'!E18-'Without class weights'!E18 -> -0.0073908843 | F18: ='With class weights'!F18-'Without class weights'!F18 -> -0.020114045 | G18: ='With class weights'!G18-'Without class weights'!G18 -> -0.040159777 | H18: ='With class weights'!H18-'Without class weights'!H18 -> -0.02158745 | J18: PTB to UD | K18: P&N | L18: =(O13-I13)/I13 -> 0 | M18: =(P13-J13)/J13 -> 0 | N18: =(Q13-K13)/K13 -> 0 | P18: PTB to UD | Q18: P&N | R18: =(R13-L13)/L13 -> 0 | S18: =(S13-M13)/M13 -> 0 | T18: =(T13-N13)/N13 -> 0
B19: Lin_etal | C19: ='With class weights'!C19-'Without class weights'!C19 -> 0.006425599 | D19: ='With class weights'!D19-'Without class weights'!D19 -> -0.0029821041 | E19: ='With class weights'!E19-'Without class weights'!E19 -> -0.003794282 | F19: ='With class weights'!F19-'Without class weights'!F19 -> -0.0070448142 | G19: ='With class weights'!G19-'Without class weights'!G19 -> -0.005192254 | H19: ='With class weights'!H19-'Without class weights'!H19 -> -0.0012065306 | K19: Li_etal16 | L19: =(O15-I15)/I15 -> 1.4589885 | M19: =(P15-J15)/J15 -> -0.28656337 | N19: =(Q15-K15)/K15 -> -0.78932988 | Q19: Li_etal16 | R19: =(R15-L15)/L15 -> 1.513962 | S19: =(S15-M15)/M15 -> -0.36362851 | T19: =(T15-N15)/N15 -> -1.0163843
C21: d101_PTB_Gold_Run1 | F21: d102_PTB_Auto_Run1 | I21: d103_PTB_Gold_Run2 | L21: d104_PTB_Auto_Run2 | O21: d105_UD1_Gold_Run2 | R21: d106_UD1_Auto_Run2
C22: train | D22: dev | E22: test | F22: train | G22: dev | H22: test | I22: train | J22: dev | K22: test | L22: train | M22: dev | N22: test | O22: train | P22: dev | Q22: test | R22: train | S22: dev | T22: test
A23: F1 Micro | B23: PitlerNenkova_Conn | C23: ='With class weights'!C23-'Without class weights'!C23 -> -0.013056821 | D23: ='With class weights'!D23-'Without class weights'!D23 -> -0.007213706 | E23: ='With class weights'!E23-'Without class weights'!E23 -> -0.016064257 | F23: ='With class weights'!F23-'Without class weights'!F23 -> -0.013056821 | G23: ='With class weights'!G23-'Without class weights'!G23 -> -0.007213706 | H23: ='With class weights'!H23-'Without class weights'!H23 -> -0.016064257 | I23: ='With class weights'!I23-'Without class weights'!I23 -> -0.013056821 | J23: ='With class weights'!J23-'Without class weights'!J23 -> -0.007213706 | ... T23: ='With class weights'!T23-'Without class weights'!T23 -> -0.016064257
B24: PitlerNenkova_Syn | C24: ='With class weights'!C24-'Without class weights'!C24 -> -0.0075643557 | D24: ='With class weights'!D24-'Without class weights'!D24 -> -0.0085662759 | E24: ='With class weights'!E24-'Without class weights'!E24 -> -0.0050200803 | F24: ='With class weights'!F24-'Without class weights'!F24 -> -0.012314067 | G24: ='With class weights'!G24-'Without class weights'!G24 -> -0.013074842 | H24: ='With class weights'!H24-'Without class weights'!H24 -> -0.013721553 | L24: =(L23-I23)/I23 -> 0 | M24: =(M23-J23)/J23 -> 0 | N24: =(N23-K23)/K23 -> 0 | O24: =(R23-I23)/I23 -> 0 | P24: =(S23-J23)/J23 -> 0 | Q24: =(T23-K23)/K23 -> 0 | R24: =(R23-O23)/O23 -> 0 | S24: =(S23-P23)/P23 -> 0 | T24: =(T23-Q23)/Q23 -> 0
B25: Li_etal16 | C25: ='With class weights'!C25-'Without class weights'!C25 -> 0.0014268681 | D25: ='With class weights'!D25-'Without class weights'!D25 -> -0.0085662759 | E25: ='With class weights'!E25-'Without class weights'!E25 -> -0.0040160643 | F25: ='With class weights'!F25-'Without class weights'!F25 -> 0.0010359453 | G25: ='With class weights'!G25-'Without class weights'!G25 -> -0.0085662759 | H25: ='With class weights'!H25-'Without class weights'!H25 -> -0.0013386881 | I25: ='With class weights'!I25-'Without class weights'!I25 -> 0.0010554915 | J25: ='With class weights'!J25-'Without class weights'!J25 -> -0.0081154193 | ... T25: ='With class weights'!T25-'Without class weights'!T25 -> 0.00066934404
B26: PitlerNenkova_Conn, PitlerNenkova_Syn | C26: ='With class weights'!C26-'Without class weights'!C26 -> -0.007466625 | D26: ='With class weights'!D26-'Without class weights'!D26 -> -0.0094679892 | E26: ='With class weights'!E26-'Without class weights'!E26 -> -0.0053547523 | F26: ='With class weights'!F26-'Without class weights'!F26 -> -0.01356502 | G26: ='With class weights'!G26-'Without class weights'!G26 -> -0.028403968 | H26: ='With class weights'!H26-'Without class weights'!H26 -> -0.014056225 | L26: =(L25-I25)/I25 -> -0.074074074 | M26: =(M25-J25)/J25 -> 0.11111111 | N26: =(N25-K25)/K25 -> -0.5 | O26: =(R25-I25)/I25 -> 0.88888889 | P26: =(S25-J25)/J25 -> -0.27777778 | Q26: =(T25-K25)/K25 -> -1.2 | R26: =(R25-O25)/O25 -> -0.081081081 | S26: =(S25-P25)/P25 -> -0.071428571 | T26: =(T25-Q25)/Q25 -> -3
B27: PitlerNenkova_Conn, PitlerNenkova_Syn, PitlerNenkova_ConnSyn | C27: ='With class weights'!C27-'Without class weights'!C27 -> -0.008170286 | D27: ='With class weights'!D27-'Without class weights'!D27 -> -0.010369702 | E27: ='With class weights'!E27-'Without class weights'!E27 -> -0.0046854083 | F27: ='With class weights'!F27-'Without class weights'!F27 -> -0.013643205 | G27: ='With class weights'!G27-'Without class weights'!G27 -> -0.028403968 | H27: ='With class weights'!H27-'Without class weights'!H27 -> -0.014056225
B28: PitlerNenkova_Conn, PitlerNenkova_Syn, PitlerNenkova_ConnSyn, PitlerNenkova_SynSyn | C28: ='With class weights'!C28-'Without class weights'!C28 -> -0.00789664 | D28: ='With class weights'!D28-'Without class weights'!D28 -> -0.0099188458 | E28: ='With class weights'!E28-'Without class weights'!E28 -> -0.0046854083 | F28: ='With class weights'!F28-'Without class weights'!F28 -> -0.013291374 | G28: ='With class weights'!G28-'Without class weights'!G28 -> -0.029756537 | H28: ='With class weights'!H28-'Without class weights'!H28 -> -0.014390897 | J28: PTB to UD | K28: P&N | L28: =(O23-I23)/I23 -> 0 | M28: =(P23-J23)/J23 -> 0 | N28: =(Q23-K23)/K23 -> 0 | P28: PTB to UD | Q28: P&N | R28: =(R23-L23)/L23 -> 0 | S28: =(S23-M23)/M23 -> 0 | T28: =(T23-N23)/N23 -> 0
B29: Lin_etal | C29: ='With class weights'!C29-'Without class weights'!C29 -> 0.0053360959 | D29: ='With class weights'!D29-'Without class weights'!D29 -> -0.0022542831 | E29: ='With class weights'!E29-'Without class weights'!E29 -> -0.0030120482 | F29: ='With class weights'!F29-'Without class weights'!F29 -> -0.0056683802 | G29: ='With class weights'!G29-'Without class weights'!G29 -> -0.0040577096 | H29: ='With class weights'!H29-'Without class weights'!H29 -> -0.00066934404 | K29: Li_etal16 | L29: =(O25-I25)/I25 -> 1.0555556 | M29: =(P25-J25)/J25 -> -0.22222222 | N29: =(Q25-K25)/K25 -> -0.9 | Q29: Li_etal16 | R29: =(R25-L25)/L25 -> 1.04 | S29: =(S25-M25)/M25 -> -0.35 | T29: =(T25-N25)/N25 -> -1.4
C31: d101_PTB_Gold_Run1 | F31: d102_PTB_Auto_Run1 | I31: d103_PTB_Gold_Run2 | L31: d104_PTB_Auto_Run2 | O31: d105_UD1_Gold_Run2 | R31: d106_UD1_Auto_Run2
C32: train | D32: dev | E32: test | F32: train | G32: dev | H32: test | I32: train | J32: dev | K32: test | L32: train | M32: dev | N32: test | O32: train | P32: dev | Q32: test | R32: train | S32: dev | T32: test
A33: F1 Weighted | B33: PitlerNenkova_Conn | C33: ='With class weights'!C33-'Without class weights'!C33 -> -0.020208931 | D33: ='With class weights'!D33-'Without class weights'!D33 -> -0.018429523 | E33: ='With class weights'!E33-'Without class weights'!E33 -> -0.023952587 | F33: ='With class weights'!F33-'Without class weights'!F33 -> -0.020208931 | G33: ='With class weights'!G33-'Without class weights'!G33 -> -0.018429523 | H33: ='With class weights'!H33-'Without class weights'!H33 -> -0.023952587 | I33: ='With class weights'!I33-'Without class weights'!I33 -> -0.020208931 | J33: ='With class weights'!J33-'Without class weights'!J33 -> -0.018429523 | ... T33: ='With class weights'!T33-'Without class weights'!T33 -> -0.023952587
B34: PitlerNenkova_Syn | C34: ='With class weights'!C34-'Without class weights'!C34 -> -0.0082719038 | D34: ='With class weights'!D34-'Without class weights'!D34 -> -0.0093424155 | E34: ='With class weights'!E34-'Without class weights'!E34 -> -0.0058780758 | F34: ='With class weights'!F34-'Without class weights'!F34 -> -0.013225562 | G34: ='With class weights'!G34-'Without class weights'!G34 -> -0.01387396 | H34: ='With class weights'!H34-'Without class weights'!H34 -> -0.014769508 | L34: =(L33-I33)/I33 -> 0 | M34: =(M33-J33)/J33 -> 0 | N34: =(N33-K33)/K33 -> 0 | O34: =(R33-I33)/I33 -> 0 | P34: =(S33-J33)/J33 -> 0 | Q34: =(T33-K33)/K33 -> 0 | R34: =(R33-O33)/O33 -> 0 | S34: =(S33-P33)/P33 -> 0 | T34: =(T33-Q33)/Q33 -> 0
B35: Li_etal16 | C35: ='With class weights'!C35-'Without class weights'!C35 -> 0.0013125935 | D35: ='With class weights'!D35-'Without class weights'!D35 -> -0.0096532732 | E35: ='With class weights'!E35-'Without class weights'!E35 -> -0.0045701208 | F35: ='With class weights'!F35-'Without class weights'!F35 -> 0.0009050877 | G35: ='With class weights'!G35-'Without class weights'!G35 -> -0.0098345257 | H35: ='With class weights'!H35-'Without class weights'!H35 -> -0.0018869768 | I35: ='With class weights'!I35-'Without class weights'!I35 -> 0.00093544959 | J35: ='With class weights'!J35-'Without class weights'!J35 -> -0.0092422695 | ... T35: ='With class weights'!T35-'Without class weights'!T35 -> 0.00034952091
B36: PitlerNenkova_Conn, PitlerNenkova_Syn | C36: ='With class weights'!C36-'Without class weights'!C36 -> -0.0082036799 | D36: ='With class weights'!D36-'Without class weights'!D36 -> -0.010357122 | E36: ='With class weights'!E36-'Without class weights'!E36 -> -0.0061727148 | F36: ='With class weights'!F36-'Without class weights'!F36 -> -0.015211359 | G36: ='With class weights'!G36-'Without class weights'!G36 -> -0.030732084 | H36: ='With class weights'!H36-'Without class weights'!H36 -> -0.0161607 | L36: =(L35-I35)/I35 -> -0.095545295 | M36: =(M35-J35)/J35 -> 0.10601825 | N36: =(N35-K35)/K35 -> -0.40448199 | O36: =(R35-I35)/I35 -> 1.0306343 | P36: =(S35-J35)/J35 -> -0.29274168 | Q36: =(T35-K35)/K35 -> -1.0882838 | R36: =(R35-O35)/O35 -> -0.091677458 | S36: =(S35-P35)/P35 -> -0.039370787 | T36: =(T35-Q35)/Q35 -> -1.5410203
B37: PitlerNenkova_Conn, PitlerNenkova_Syn, PitlerNenkova_ConnSyn | C37: ='With class weights'!C37-'Without class weights'!C37 -> -0.0089323441 | D37: ='With class weights'!D37-'Without class weights'!D37 -> -0.011290928 | E37: ='With class weights'!E37-'Without class weights'!E37 -> -0.0055198764 | F37: ='With class weights'!F37-'Without class weights'!F37 -> -0.015289696 | G37: ='With class weights'!G37-'Without class weights'!G37 -> -0.030732084 | H37: ='With class weights'!H37-'Without class weights'!H37 -> -0.0161607
B38: PitlerNenkova_Conn, PitlerNenkova_Syn, PitlerNenkova_ConnSyn, PitlerNenkova_SynSyn | C38: ='With class weights'!C38-'Without class weights'!C38 -> -0.0086730947 | D38: ='With class weights'!D38-'Without class weights'!D38 -> -0.010872688 | E38: ='With class weights'!E38-'Without class weights'!E38 -> -0.0055294717 | F38: ='With class weights'!F38-'Without class weights'!F38 -> -0.014923493 | G38: ='With class weights'!G38-'Without class weights'!G38 -> -0.032047069 | H38: ='With class weights'!H38-'Without class weights'!H38 -> -0.016501418 | J38: PTB to UD | K38: P&N | L38: =(O33-I33)/I33 -> 0 | M38: =(P33-J33)/J33 -> 0 | N38: =(Q33-K33)/K33 -> 0 | P38: PTB to UD | Q38: P&N | R38: =(R33-L33)/L33 -> 0 | S38: =(S33-M33)/M33 -> 0 | T38: =(T33-N33)/N33 -> 0
B39: Lin_etal | C39: ='With class weights'!C39-'Without class weights'!C39 -> 0.0053020013 | D39: ='With class weights'!D39-'Without class weights'!D39 -> -0.0023967727 | E39: ='With class weights'!E39-'Without class weights'!E39 -> -0.0031282594 | F39: ='With class weights'!F39-'Without class weights'!F39 -> -0.0057221924 | G39: ='With class weights'!G39-'Without class weights'!G39 -> -0.0042399663 | H39: ='With class weights'!H39-'Without class weights'!H39 -> -0.0008533634 | K39: Li_etal16 | L39: =(O35-I35)/I35 -> 1.2355873 | M39: =(P35-J35)/J35 -> -0.26375514 | N39: =(Q35-K35)/K35 -> -0.83681975 | Q39: Li_etal16 | R39: =(R35-L35)/L35 -> 1.2451476 | S39: =(S35-M35)/M35 -> -0.36053649 | T39: =(T35-N35)/N35 -> -1.1482471
